{
  "2025-07-26": {
    "articles": 10,
    "versions": 1,
    "total_tokens": 0,
    "prompt_tokens": 0,
    "completion_tokens": 0,
    "total_cost": 0.023999999999999994,
    "prompt_cost": 0,
    "completion_cost": 0,
    "image_cost": 0.023999999999999994
  }
}